{
  "model_path": "/root/autodl-tmp/models/Qwen2.5-7B-Instruct",
  "layer_idx": 3,
  "lengths": [
    4096,
    8192,
    12288,
    16384,
    20480,
    24576,
    28672,
    32768
  ],
  "windows": [
    0
  ],
  "top_r": 10,
  "sorted": true,
  "samples_per_L": 8,
  "repeat": 50,
  "num_runs": 10,
  "gpu_info": [
    {
      "id": 0,
      "name": "NVIDIA RTX PRO 6000 Blackwell Server Edition",
      "memory_gb": 94.97
    }
  ],
  "device_map": "auto",
  "retrieval": "cosine mv + topk (Top-10, sorted=True) (offline microbench, boxplot from all runs)",
  "results": {
    "0": {
      "L": [
        4096,
        8192,
        12288,
        16384,
        20480,
        24576,
        28672,
        32768
      ],
      "overhead_ms_mean": [
        0.03579948017001152,
        0.05276266402006149,
        0.08446597629785538,
        0.11561617636680603,
        0.12826207983493804,
        0.1479152079820633,
        0.16811640763282776,
        0.1871227595806122
      ],
      "overhead_ms_std": [
        0.0017406546212230373,
        0.0013154137584417429,
        0.002385740072519366,
        0.0022431226547018866,
        0.0013542126503689814,
        0.0011181192402673127,
        0.0009106574238590961,
        0.0011940701373873615
      ]
    }
  }
}